Endomorphy,Mesomorphy,Ectomorphy,Somatotype
4.785340611075,2.511269276393832,0.45644498664051625,Endomorph
