Endomorphy,Mesomorphy,Ectomorphy,Somatotype
4.821273511275,2.514184397163121,0.5585923695750097,Endomorph
