Endomorphy,Mesomorphy,Ectomorphy,Somatotype
4.6629282534,2.6540404040404035,0.6196526428901876,Endomorph
